Product,Category
Laptop,Electronics
Smartphone,Electronics
Tablet,Electronics
Headphones,Accessories
Smartwatch,Electronics
Camera,Electronics
Printer,Peripherals
Router,Networking
Monitor,Peripherals
Keyboard,Peripherals
Mouse,Peripherals
Speaker,Accessories
Charger,Accessories
Projector,Electronics
Scanner,Peripherals
Drone,Electronics
Microphone,Accessories
VR Headset,Electronics
Hard Drive,Storage
USB Drive,Storage
Graphics Card,Components
Motherboard,Components
Power Supply,Components
RAM,Components
SSD,Storage
CPU,Components
Cooling Fan,Components
Case,Components
Webcam,Peripherals
Smart Glasses,Electronics
Fitness Tracker,Electronics
E-Reader,Electronics
Game Console,Electronics
Joystick,Accessories
Game Controller,Accessories
TV,Electronics
Blu-ray Player,Electronics
Home Theater,Electronics
Streaming Device,Electronics
Smart Home Hub,Electronics
Voice Assistant,Electronics
Security Camera,Electronics
Smart Light,Electronics
Smart Plug,Electronics
Smart Thermostat,Electronics
Robot Vacuum,Electronics
3D Printer,Peripherals
Electric Scooter,Electronics
Electric Bike,Electronics